interaction_weight,risk_weight,cost_weight,energy_eb,energy_greedy,diff
0.0,1.0,1.0,1.4502485990524292,1.4760463237762451,0.025797724723815918
0.5,1.0,1.0,1.4302486181259155,1.4760463237762451,0.04579770565032959
1.0,1.0,1.0,1.4102486371994019,1.4760463237762451,0.06579768657684326
2.0,1.0,1.0,1.3598271608352661,1.4760463237762451,0.116219162940979
5.0,1.0,1.0,1.239827275276184,1.4760463237762451,0.23621904850006104
